display_name,stub,dropdown_parent
Home,/
Inquiry Kits,,
1910 Fires,/bigburn.html,Inquiry Kits
Idaho Women's History,/idahowomen.html,Inquiry Kits
Japanese American Internment,/jainternment.html,Inquiry Kits
Logging in North Idaho,/logging.html,Inquiry Kits
Idaho Oral Histories,/oralhistory.html,Inquiry Kits
Idaho Connections to National Events,/nationalevents.html,Inquiry Kits
How To Use,/howto.html
Collections,/browse.html
Subjects,/subjects.html
Locations,/locations.html
Map,/map.html
Timeline,/timeline.html
About,/about.html